﻿<?xml version="1.0" encoding="utf-8" ?> 
<!-- configurazione di un singolo modulo -->
<!-- Registrazione tipi per IoC -->
<ModuleConfig>
	<TypeSettings>
		<TypeSetting>
			<FromType>TestApp.Infrastructure.IExecutable, TestApp.Infrastructure, Version=1.0.0.0, Culture=neutral, PublicKeyToken=null</FromType>
			<ToType>TestApp.InvoiceModule.MenuManageClients, TestApp.InvoiceModule</ToType>
			<Name>IMManageClients</Name>
			<Uri>/TestApp.InvoiceModule.dll</Uri>
		</TypeSetting>
		<TypeSetting>
			<FromType>TestApp.Infrastructure.IExecutable, TestApp.Infrastructure, Version=1.0.0.0, Culture=neutral, PublicKeyToken=null</FromType>
			<ToType>TestApp.InvoiceModule.MenuManageInvoices, TestApp.InvoiceModule</ToType>
			<Name>IMManageInvoices</Name>
			<Uri>/TestApp.InvoiceModule.dll</Uri>
		</TypeSetting>
	</TypeSettings>
	<Menu>
		<Name>Invoices</Name>
		<Items>
			<Item>
				<Name>Manage Clients</Name>
				<TypeSettingName>IMManageClients</TypeSettingName>
			</Item>
			<Item>
				<Name>Manage Invoices</Name>
				<TypeSettingName>IMManageInvoices</TypeSettingName>
			</Item>
		</Items>
	</Menu>
</ModuleConfig>
