﻿<?xml version="1.0" encoding="utf-8" ?> 
<!-- configurazione di un singolo modulo -->
<!-- Registrazione tipi per IoC -->
<ModuleConfig>
	<TypeSettings>
		<TypeSetting>
			<FromType>TestApp.Infrastructure.IExecutable, TestApp.Infrastructure, Version=1.0.0.0, Culture=neutral, PublicKeyToken=null</FromType>
			<ToType>TestApp.TestModule2.MenuClasses.Menu1, TestApp.TestModule2</ToType>
			<Name>TM2Menu1</Name>
			<Uri>/TestApp.TestModule2.dll</Uri>
		</TypeSetting>
		<TypeSetting>
			<FromType>TestApp.Infrastructure.IExecutable, TestApp.Infrastructure, Version=1.0.0.0, Culture=neutral, PublicKeyToken=null</FromType>
			<ToType>TestApp.TestModule2.MenuClasses.Menu2, TestApp.TestModule2</ToType>
			<Name>TM2Menu2</Name>
			<Uri>/TestApp.TestModule2.dll</Uri>
		</TypeSetting>
	</TypeSettings>
	<Menu>
		<Name>TestModule2 Menu</Name>
		<Items>
			<Item>
				<Name>TM2 Menu1</Name>
				<TypeSettingName>TM2Menu1</TypeSettingName>
			</Item>
			<Item>
				<Name>TM2 Menu2</Name>
				<TypeSettingName>TM2Menu2</TypeSettingName>
			</Item>
		</Items>
	</Menu>
</ModuleConfig>
