﻿<?xml version="1.0" encoding="utf-8" ?>

<hibernate-mapping xmlns="urn:nhibernate-mapping-2.2"
	assembly="TestApp.Entities"
	namespace="TestApp.Entities"
	default-lazy="false"
	>

	<class name="Client" table="Client">
		<id name="Id" column="C_Id" type="guid">
			<generator class="guid" />
		</id>
		<property name="ClientId" column="C_ClientId" type="guid" not-null="true" />
		<property name="CustomerId" column="C_CustomerId" type="guid" not-null="true" />
		<property name="Name" column="C_Name" type="string" />
		<property name="Surname" column="C_Surname" type="string" />
		<property name="Address" column="C_Address" type="string" />
		<property name="Cap" column="C_Cap" type="string" />
		<property name="City" column="C_City" type="string" />
		<property name="Province" column="C_Province" type="string" />
		<property name="Phone" column="C_Phone" type="string" />
		<property name="EMail" column="C_EMail" type="string" />
	</class>

</hibernate-mapping>