﻿<?xml version="1.0" encoding="utf-8" ?>

<hibernate-mapping xmlns="urn:nhibernate-mapping-2.2"
	assembly="TestApp.Entities"
	namespace="TestApp.Entities"
	default-lazy="false"
	>

   <class name="Invoice" table="Invoice">
      <id name="Id" column="I_Id" type="guid">
         <generator class="guid" />
      </id>

      <property name="CustomerId" column="I_CustomerId" type="guid" not-null="true" />
      <property name="Number" column="I_Number" type="int" />
      <property name="Date" column="I_Date" type="datetime" />
      <many-to-one name="Client" column="I_ClientId" class="Client" foreign-key="fk_ClientInvoice" />

      <bag name="Items" table="InvoiceItem" cascade="all-delete-orphan">
         <key column="II_I_Id" />
         <composite-element class="InvoiceItem">
            <property name="Code" column="II_Code" type="string" />
            <property name="Name" column="II_Name" type="string" />
            <property name="Quantity" column="II_Quantity" type="double" />
            <property name="Price" column="II_Price" type="double" />
         </composite-element>
      </bag>

   </class>

   <database-object>
      <create>
         ALTER TABLE [dbo].[Invoice] DROP CONSTRAINT [fk_ClientInvoice]
         ;
         ALTER TABLE [dbo].[Invoice]  WITH CHECK ADD  CONSTRAINT [fk_ClientInvoice] FOREIGN KEY([I_ClientId])
         REFERENCES [dbo].[Client] ([C_Id])
         ON UPDATE CASCADE
         ON DELETE CASCADE
         ;
         ALTER TABLE [dbo].[Invoice] CHECK CONSTRAINT [fk_ClientInvoice]
      </create>
      <drop></drop>
   </database-object>

</hibernate-mapping>