﻿<?xml version="1.0" encoding="utf-8" ?>
<!-- configurazione di un singolo modulo -->
<!-- Registrazione tipi per IoC -->
<ModuleConfig>
	<TypeSettings>
		<TypeSetting>
			<FromType>TestApp.Infrastructure.IExecutable, TestApp.Silverlight.Infrastructure, Version=1.0.0.0, Culture=neutral, PublicKeyToken=null</FromType>
			<ToType>Structura.UsersManager.MenuClasses.MenuManageCustomers, Structura.UsersManager, Version=1.0.0.0, Culture=neutral, PublicKeyToken=null</ToType>
			<Name>UMManageCustomers</Name>
			<Uri>/ClientBin/Structura.UsersManager.dll</Uri>
		</TypeSetting>
		<TypeSetting>
			<FromType>TestApp.Infrastructure.IExecutable, TestApp.Silverlight.Infrastructure, Version=1.0.0.0, Culture=neutral, PublicKeyToken=null</FromType>
			<ToType>Structura.UsersManager.MenuClasses.MenuManageGroups, Structura.UsersManager, Version=1.0.0.0, Culture=neutral, PublicKeyToken=null</ToType>
			<Name>UMManageGroups</Name>
			<Uri>/ClientBin/Structura.UsersManager.dll</Uri>
		</TypeSetting>
		<TypeSetting>
			<FromType>TestApp.Infrastructure.IExecutable, TestApp.Silverlight.Infrastructure, Version=1.0.0.0, Culture=neutral, PublicKeyToken=null</FromType>
			<ToType>Structura.UsersManager.MenuClasses.MenuManageUsers, Structura.UsersManager, Version=1.0.0.0, Culture=neutral, PublicKeyToken=null</ToType>
			<Name>UMManageUsers</Name>
			<Uri>/ClientBin/Structura.UsersManager.dll</Uri>
		</TypeSetting>
	</TypeSettings>
	<Menu>
		<Name>Settings</Name>
		<Items>
			<Item>
				<Name>Manage Customers</Name>
				<TypeSettingName>UMManageCustomers</TypeSettingName>
			</Item>
			<Item>
				<Name>Manage Groups</Name>
				<TypeSettingName>UMManageGroups</TypeSettingName>
			</Item>
			<Item>
				<Name>Manage Users</Name>
				<TypeSettingName>UMManageUsers</TypeSettingName>
			</Item>
		</Items>
	</Menu>
</ModuleConfig>
