﻿<?xml version="1.0" encoding="utf-8" ?>
<!-- configurazione di un singolo modulo -->
<!-- Registrazione tipi per IoC -->
<ModuleConfig>
	<TypeSettings>
		<TypeSetting>
			<FromType>TestApp.Infrastructure.IExecutable, TestApp.Silverlight.Infrastructure, Version=1.0.0.0, Culture=neutral, PublicKeyToken=null</FromType>
			<ToType>Structura.UsersManager.MenuClasses.MenuLogin, Structura.UsersManager, Version=1.0.0.0, Culture=neutral, PublicKeyToken=null</ToType>
			<Name>UMLogin</Name>
			<Uri>/ClientBin/Structura.UsersManager.dll</Uri>
		</TypeSetting>
		<TypeSetting>
			<FromType>TestApp.Infrastructure.IExecutable, TestApp.Silverlight.Infrastructure, Version=1.0.0.0, Culture=neutral, PublicKeyToken=null</FromType>
			<ToType>Structura.UsersManager.MenuClasses.MenuLogout, Structura.UsersManager, Version=1.0.0.0, Culture=neutral, PublicKeyToken=null</ToType>
			<Name>UMLogout</Name>
			<Uri>/ClientBin/Structura.UsersManager.dll</Uri>
		</TypeSetting>
	</TypeSettings>
	<Menu>
		<Name>Start</Name>
		<Items>
			<Item>
				<Name>Login</Name>
				<TypeSettingName>UMLogin</TypeSettingName>
			</Item>
			<Item>
				<Name>Logout</Name>
				<TypeSettingName>UMLogout</TypeSettingName>
			</Item>
		</Items>
	</Menu>
</ModuleConfig>
