﻿<?xml version="1.0" encoding="utf-8" ?>
<!-- definizione dei moduli disponibili -->
<ModulesInfos>
	<!--<ModuleInfo>
		<ID>500A4D1A-417B-4926-819C-10D22375C1AF</ID>
		<Name>Logon</Name>
		<Version>1.0.0.0</Version>
		<Url>/Logon.xml</Url>
	</ModuleInfo>
	<ModuleInfo>
		<ID>44D5C376-BE0A-4fe5-8AB1-795D612118B8</ID>
		<Name>AuthorizationPermission</Name>
		<Version>1.0.0.0</Version>
		<Url>/AuthorizationPermission.xml</Url>
	</ModuleInfo>-->
	<ModuleInfo>
		<ID>A9018FE7-5BF7-4d42-98A4-627AD64DE697</ID>
		<Name>TestModule1</Name>
		<Version>1.0.0.0</Version>
		<Url>/TestModule1.xml</Url>
	</ModuleInfo>
	<ModuleInfo>
		<ID>A2C539DB-A68E-4585-95AD-257FA08CB64B</ID>
		<Name>TestModule2</Name>
		<Version>1.0.0.0</Version>
		<Url>/TestModule2.xml</Url>
	</ModuleInfo>
	<ModuleInfo>
		<ID>59E51B58-4C14-4c27-A637-5C1F3C46C74A</ID>
		<Name>Invoice</Name>
		<Version>1.0.0.0</Version>
		<Url>/InvoiceModule.xml</Url>
	</ModuleInfo>
</ModulesInfos>
