﻿<?xml version="1.0" encoding="utf-8" ?> 
<!-- configurazione di un singolo modulo -->
<!-- Registrazione tipi per IoC -->
<ModuleConfig>
	<TypeSettings>
		<TypeSetting>
			<FromType>TestApp.Infrastructure.IExecutable, TestApp.Silverlight.Infrastructure, Version=1.0.0.0, Culture=neutral, PublicKeyToken=null</FromType>
			<ToType>TestApp.TestModule1.MenuClasses.Menu1, TestApp.Silverlight.TestModule1, Version=1.0.0.0, Culture=neutral, PublicKeyToken=null</ToType>
			<Name>TM1Menu1</Name>
			<Uri>/ClientBin/TestApp.Silverlight.TestModule1.dll</Uri>
		</TypeSetting>
		<TypeSetting>
			<FromType>TestApp.Infrastructure.IExecutable, TestApp.Silverlight.Infrastructure, Version=1.0.0.0, Culture=neutral, PublicKeyToken=null</FromType>
			<ToType>TestApp.TestModule1.MenuClasses.Menu2, TestApp.Silverlight.TestModule1, Version=1.0.0.0, Culture=neutral, PublicKeyToken=null</ToType>
			<Name>TM1Menu2</Name>
			<Uri>/ClientBin/TestApp.Silverlight.TestModule1.dll</Uri>
		</TypeSetting>
	</TypeSettings>
	<Menu>
		<Name>TestModule1 Menu</Name>
		<Items>
			<Item>
				<Name>TM1 Menu1</Name>
				<TypeSettingName>TM1Menu1</TypeSettingName>
			</Item>
			<Item>
				<Name>TM1 Menu2</Name>
				<TypeSettingName>TM1Menu2</TypeSettingName>
			</Item>
		</Items>
	</Menu>
</ModuleConfig>
