﻿<?xml version="1.0" encoding="utf-8" ?> 
<!-- Registrazione tipi per IoC -->
<Types>
	<TypeSettings>
		<TypeSetting>
			<FromType>TestApp.Infrastructure.IDataLayer, TestApp.Silverlight.Infrastructure, Version=1.0.0.0, Culture=neutral, PublicKeyToken=null</FromType>
			<ToType>TestApp.DataLayer.DataLayer, TestApp.Silverlight.DataLayer, Version=1.0.0.0, Culture=neutral, PublicKeyToken=null</ToType>
			<Name>DataLayer</Name>
			<Uri>/ClientBin/TestApp.Silverlight.DataLayer.dll</Uri>
		</TypeSetting>
	</TypeSettings>
</Types>
