﻿<?xml version="1.0" encoding="utf-8" ?>
<hibernate-configuration  xmlns="urn:nhibernate-configuration-2.2" >
   <session-factory name="myProjectDb">
      <property name="hibernate.connection.provider">NHibernate.Connection.DriverConnectionProvider</property>
      <property name="hibernate.dialect">NHibernate.Dialect.MsSql2000Dialect</property>
      <property name="hibernate.connection.driver_class">NHibernate.Driver.SqlClientDriver</property>
      <property name="hibernate.connection.connection_string">
         Data Source=MySqlServer;Database=MyDb;
         User ID=username;Password=password;
      </property>
      <property name="hibernate.connection.isolation">ReadCommitted</property>
      <property name="hibernate.default_schema">MyDb.dbo</property>
      <!-- Assembly containing the embedded HBM mapping files -->
      <mapping assembly="MyProject.Core" />
   </session-factory>
</hibernate-configuration>
