﻿<?xml version="1.0" ?>
<configuration>
  <configSections>
    <section name="nhibernateSettings" type="SID.NHibernate.Utils.MultipleSessions.XmlConfigurator, SID.NHibernate.Utils" />
  </configSections>
  <nhibernateSettings type="SID.NHibernate.Utils.MultipleSessions.OpenSessionInViewSection, SID.NHibernate.Utils">
    <!-- List every session factory that will be needed; transaction management and closing sessions 
        will be managed with an open-session-in-view HTTP module -->
    <SessionFactories>
      <SessionFactoryElement name="myProjectDb" factoryConfigPath="C:\MyProject.Web\Config\MyProjectDb.config"
        isTransactional="true" />
      <SessionFactoryElement name="otherDb" factoryConfigPath="C:\MyProject.Web\Config\JdeNHibernate.config" />
    </SessionFactories>
  </nhibernateSettings>
...