﻿<?xml version="1.0" encoding="utf-8" ?>
<hibernate-configuration xmlns="urn:nhibernate-configuration-2.2">
	<session-factory>
		<property name="connection.provider">NHibernate.Connection.DriverConnectionProvider</property>
		<property name="connection.driver_class">NHibernate.Driver.SqlClientDriver</property>
		<property name="dialect">NHibernate.Dialect.MsSql2005Dialect</property>
		<property name="default_schema">dbo</property>
		<property name="connection.connection_string">Server=pcg\se2008;Database=NHibTest;User Id=sa;Password=sql</property>
		<property name='proxyfactory.factory_class'>NHibernate.ByteCode.Castle.ProxyFactoryFactory, NHibernate.ByteCode.Castle</property>
		<property name="show_sql">true</property>
	</session-factory>
</hibernate-configuration>