﻿<?xml version="1.0" encoding="utf-8" ?>
<hibernate-mapping xmlns="urn:nhibernate-mapping-2.2"
						 namespace="NHibernateEagerOrderBy.Entities"
						 assembly="NHibernateEagerOrderBy"
						 >
	<class name="Item" table="Item">
		<id name="Id" column="Id" type="int">
			<generator class="identity" />
		</id>
		<property name="Name" column="Name" type="string" />
		<property name="Sort" column="Sort" type="int" />
		<bag name="Tags" inverse="true" lazy="true" order-by="Name">
			<key column="Id" not-null="true" />
			<one-to-many class="Tag"/>
		</bag>
	</class>
</hibernate-mapping>
